Source:,C:\Users\robth\OneDrive\Desktop\Work - School\Work\Planar Trap KiCad Documents\planar trap review copy 2\planar trap review copy 2.kicad_sch,,,,,,
Date:,6/27/2024 15:09,,,,,,
,,,,,,,
,,,,,,,
Component Count:,81,,,,,,
Ref,Qnty,Value,Cmp name,Footprint,Description,Digi-Key_PN,Vendor Link
"C1, C2, C3, C4, C5, C6",6,.033 uF,C,QT3_footprints:Capacitor STOREFRONT,Unpolarized capacitor,399-CKC18C333JWGACAUTOTR-ND,https://www.digikey.com/en/products/detail/kemet/CKC18C333JWGACAUTO/11695191
"D1, D2, D3, D4, D5, D6, D7, D8, D9, D10",10,D,D,Diode_SMD:D_SOD-323,Diode,ZLLS410TR-ND,https://www.digikey.com/en/products/detail/diodes-incorporated/ZLLS410TA/1767180
J1,1,~,3_Pin_Connector,QT3_footprints:3 terminal for 600Vs,,A98085-ND,https://www.digikey.com/en/products/detail/te-connectivity-amp-connectors/282843-3/1826948
J2,1,~,5V_Power,QT3_footprints:GCT_DCJ250-05-A-XX-X_REVA,,2073-DCJ250-05-A-K1-ATR-ND,https://www.digikey.com/en/products/detail/gct/DCJ250-05-A-K1-A/9859609
J4,1,~,6_Pin_Connector,QT3_footprints:seven terminal 600V outputs,,A135925-ND,https://www.digikey.com/en/products/detail/te-connectivity-amp-connectors/282843-7/1827304
"K1, K2, K3, K4, K5, K6, K7, K8, K9, K10",10,~,,QT3_footprints:9104_COT STOREFRONT,"COTO TECHNOLOGY - 9104-05-10 - RELAY, REED, SPST-NO, 1KV, 0.5A, THT",306-1193-ND,https://www.digikey.com/en/products/detail/coto-technology/9104-05-10/1154388?s=N4IgTCBcDaIJwEYAMAWAtEgrG5IC6AvkA
"R1, R2, R3, R5, R6, R8, R9, R11, R12, R14, R15, R18, R39, R40, R41, R42",16,1M,R_US,Resistor_THT:R_Axial_DIN0516_L15.5mm_D5.0mm_P20.32mm_Horizontal,"Resistor, US symbol",A138410CT-ND,https://www.digikey.com/en/products/detail/te-connectivity-passive-product/RR03J1M0TB/2385221
"R4, R7, R10, R13, R16, R17",6,100M,R_US,QT3_footprints:100M resistor STOREFRONT,"Resistor, US symbol",A105971CT-ND,https://www.digikey.com/en/products/detail/te-connectivity-passive-product/RGP0207CHJ100M/2389944
"R19, R20, R21, R22, R23, R24, R25, R26, R27, R28",10,300,R_US,QT3_footprints:300 SM resistor,"Resistor, US symbol",A121216TR-ND,https://www.digikey.com/en/products/detail/te-connectivity-passive-product/3522300RFT/5245067
"R29, R30, R31, R32, R33, R34, R35, R36, R37, R38",10,3.3k,R_US,QT3_footprints:3.3k SMD resistor,"Resistor, US symbol",408-1639-2-ND,https://www.digikey.com/en/products/detail/susumu/RG2012L-332-L-T05/3738064
"U1, U2, U3, U4, U5, U6, U7, U8, U9, U10",10,NTA7002,NTA7002,QT3_footprints:MOSFET STOREFRONT,,NTA7002NT1GOSTR-ND,https://www.digikey.com/en/products/detail/onsemi/NTA7002NT1G/1749065
